gameId,date,fibaZone,competition,round,team,team_short,Win,Loss,Differential
114385,2026-07-14,World,FIBA U17 Women's Basketball World Cup,Group Phase,Côte d'Ivoire,CIV,0,1,-52
114385,2026-07-14,World,FIBA U17 Women's Basketball World Cup,Group Phase,Australia,AUS,1,0,52
114386,2026-07-12,World,FIBA U17 Women's Basketball World Cup,Group Phase,Latvia,LAT,1,0,25
114386,2026-07-12,World,FIBA U17 Women's Basketball World Cup,Group Phase,Côte d'Ivoire,CIV,0,1,-25
114387,2026-07-11,World,FIBA U17 Women's Basketball World Cup,Group Phase,Australia,AUS,1,0,11
114387,2026-07-11,World,FIBA U17 Women's Basketball World Cup,Group Phase,Latvia,LAT,0,1,-11
114388,2026-07-14,World,FIBA U17 Women's Basketball World Cup,Group Phase,Latvia,LAT,0,1,-52
114388,2026-07-14,World,FIBA U17 Women's Basketball World Cup,Group Phase,USA,USA,1,0,52
114389,2026-07-12,World,FIBA U17 Women's Basketball World Cup,Group Phase,USA,USA,1,0,2
114389,2026-07-12,World,FIBA U17 Women's Basketball World Cup,Group Phase,Australia,AUS,0,1,-2
114390,2026-07-11,World,FIBA U17 Women's Basketball World Cup,Group Phase,Côte d'Ivoire,CIV,0,1,-93
114390,2026-07-11,World,FIBA U17 Women's Basketball World Cup,Group Phase,USA,USA,1,0,93
114391,2026-07-11,World,FIBA U17 Women's Basketball World Cup,Group Phase,Mexico,MEX,0,1,-29
114391,2026-07-11,World,FIBA U17 Women's Basketball World Cup,Group Phase,People 's Republic of China,CHN,1,0,29
114392,2026-07-14,World,FIBA U17 Women's Basketball World Cup,Group Phase,People 's Republic of China,CHN,0,1,-36
114392,2026-07-14,World,FIBA U17 Women's Basketball World Cup,Group Phase,Spain,ESP,1,0,36
114393,2026-07-12,World,FIBA U17 Women's Basketball World Cup,Group Phase,Spain,ESP,1,0,35
114393,2026-07-12,World,FIBA U17 Women's Basketball World Cup,Group Phase,Mexico,MEX,0,1,-35
114394,2026-07-11,World,FIBA U17 Women's Basketball World Cup,Group Phase,Germany,GER,0,1,-26
114394,2026-07-11,World,FIBA U17 Women's Basketball World Cup,Group Phase,Spain,ESP,1,0,26
114395,2026-07-14,World,FIBA U17 Women's Basketball World Cup,Group Phase,Germany,GER,1,0,19
114395,2026-07-14,World,FIBA U17 Women's Basketball World Cup,Group Phase,Mexico,MEX,0,1,-19
114396,2026-07-12,World,FIBA U17 Women's Basketball World Cup,Group Phase,People 's Republic of China,CHN,1,0,25
114396,2026-07-12,World,FIBA U17 Women's Basketball World Cup,Group Phase,Germany,GER,0,1,-25
114397,2026-07-14,World,FIBA U17 Women's Basketball World Cup,Group Phase,Japan,JPN,1,0,20
114397,2026-07-14,World,FIBA U17 Women's Basketball World Cup,Group Phase,Czechia,CZE,0,1,-20
114398,2026-07-12,World,FIBA U17 Women's Basketball World Cup,Group Phase,Slovenia,SLO,0,1,-30
114398,2026-07-12,World,FIBA U17 Women's Basketball World Cup,Group Phase,Japan,JPN,1,0,30
114399,2026-07-11,World,FIBA U17 Women's Basketball World Cup,Group Phase,Japan,JPN,1,0,22
114399,2026-07-11,World,FIBA U17 Women's Basketball World Cup,Group Phase,Colombia,COL,0,1,-22
114400,2026-07-11,World,FIBA U17 Women's Basketball World Cup,Group Phase,Czechia,CZE,0,1,-8
114400,2026-07-11,World,FIBA U17 Women's Basketball World Cup,Group Phase,Slovenia,SLO,1,0,8
114401,2026-07-12,World,FIBA U17 Women's Basketball World Cup,Group Phase,Colombia,COL,1,0,6
114401,2026-07-12,World,FIBA U17 Women's Basketball World Cup,Group Phase,Czechia,CZE,0,1,-6
114402,2026-07-14,World,FIBA U17 Women's Basketball World Cup,Group Phase,Slovenia,SLO,1,0,27
114402,2026-07-14,World,FIBA U17 Women's Basketball World Cup,Group Phase,Colombia,COL,0,1,-27
114403,2026-07-12,World,FIBA U17 Women's Basketball World Cup,Group Phase,New Zealand,NZL,1,0,12
114403,2026-07-12,World,FIBA U17 Women's Basketball World Cup,Group Phase,Italy,ITA,0,1,-12
114404,2026-07-14,World,FIBA U17 Women's Basketball World Cup,Group Phase,Egypt,EGY,0,1,-11
114404,2026-07-14,World,FIBA U17 Women's Basketball World Cup,Group Phase,Italy,ITA,1,0,11
114405,2026-07-11,World,FIBA U17 Women's Basketball World Cup,Group Phase,Italy,ITA,0,1,-15
114405,2026-07-11,World,FIBA U17 Women's Basketball World Cup,Group Phase,Canada,CAN,1,0,15
114406,2026-07-11,World,FIBA U17 Women's Basketball World Cup,Group Phase,Egypt,EGY,0,1,-14
114406,2026-07-11,World,FIBA U17 Women's Basketball World Cup,Group Phase,New Zealand,NZL,1,0,14
114407,2026-07-14,World,FIBA U17 Women's Basketball World Cup,Group Phase,Canada,CAN,1,0,9
114407,2026-07-14,World,FIBA U17 Women's Basketball World Cup,Group Phase,New Zealand,NZL,0,1,-9
114408,2026-07-12,World,FIBA U17 Women's Basketball World Cup,Group Phase,Canada,CAN,1,0,20
114408,2026-07-12,World,FIBA U17 Women's Basketball World Cup,Group Phase,Egypt,EGY,0,1,-20
132952,2026-07-15,World,FIBA U17 Women's Basketball World Cup,Round of 16,USA,USA,1,0,76
132952,2026-07-15,World,FIBA U17 Women's Basketball World Cup,Round of 16,Mexico,MEX,0,1,-76
132953,2026-07-15,World,FIBA U17 Women's Basketball World Cup,Round of 16,Australia,AUS,1,0,26
132953,2026-07-15,World,FIBA U17 Women's Basketball World Cup,Round of 16,Germany,GER,0,1,-26
132954,2026-07-15,World,FIBA U17 Women's Basketball World Cup,Round of 16,Latvia,LAT,0,1,-23
132954,2026-07-15,World,FIBA U17 Women's Basketball World Cup,Round of 16,People 's Republic of China,CHN,1,0,23
132955,2026-07-15,World,FIBA U17 Women's Basketball World Cup,Round of 16,Côte d'Ivoire,CIV,0,1,-54
132955,2026-07-15,World,FIBA U17 Women's Basketball World Cup,Round of 16,Spain,ESP,1,0,54
132956,2026-07-15,World,FIBA U17 Women's Basketball World Cup,Round of 16,Japan,JPN,1,0,27
132956,2026-07-15,World,FIBA U17 Women's Basketball World Cup,Round of 16,Egypt,EGY,0,1,-27
132957,2026-07-15,World,FIBA U17 Women's Basketball World Cup,Round of 16,Slovenia,SLO,1,0,22
132957,2026-07-15,World,FIBA U17 Women's Basketball World Cup,Round of 16,Italy,ITA,0,1,-22
132958,2026-07-15,World,FIBA U17 Women's Basketball World Cup,Round of 16,Colombia,COL,0,1,-20
132958,2026-07-15,World,FIBA U17 Women's Basketball World Cup,Round of 16,New Zealand,NZL,1,0,20
132959,2026-07-15,World,FIBA U17 Women's Basketball World Cup,Round of 16,Czechia,CZE,0,1,-27
132959,2026-07-15,World,FIBA U17 Women's Basketball World Cup,Round of 16,Canada,CAN,1,0,27
132960,2026-07-17,World,FIBA U17 Women's Basketball World Cup,Class 9-16,Mexico,MEX,0,1,-10
132960,2026-07-17,World,FIBA U17 Women's Basketball World Cup,Class 9-16,Italy,ITA,1,0,10
132961,2026-07-17,World,FIBA U17 Women's Basketball World Cup,Class 9-16,Germany,GER,0,1,-4
132961,2026-07-17,World,FIBA U17 Women's Basketball World Cup,Class 9-16,Egypt,EGY,1,0,4
132962,2026-07-17,World,FIBA U17 Women's Basketball World Cup,Class 9-16,Latvia,LAT,1,0,13
132962,2026-07-17,World,FIBA U17 Women's Basketball World Cup,Class 9-16,Czechia,CZE,0,1,-13
132963,2026-07-17,World,FIBA U17 Women's Basketball World Cup,Class 9-16,Côte d'Ivoire,CIV,0,1,-15
132963,2026-07-17,World,FIBA U17 Women's Basketball World Cup,Class 9-16,Colombia,COL,1,0,15
132964,2026-07-17,World,FIBA U17 Women's Basketball World Cup,Quarter-Finals,USA,USA,1,0,20
132964,2026-07-17,World,FIBA U17 Women's Basketball World Cup,Quarter-Finals,Slovenia,SLO,0,1,-20
132965,2026-07-17,World,FIBA U17 Women's Basketball World Cup,Quarter-Finals,Australia,AUS,1,0,6
132965,2026-07-17,World,FIBA U17 Women's Basketball World Cup,Quarter-Finals,Japan,JPN,0,1,-6
132966,2026-07-17,World,FIBA U17 Women's Basketball World Cup,Quarter-Finals,People 's Republic of China,CHN,0,1,-1
132966,2026-07-17,World,FIBA U17 Women's Basketball World Cup,Quarter-Finals,Canada,CAN,1,0,1
132967,2026-07-17,World,FIBA U17 Women's Basketball World Cup,Quarter-Finals,Spain,ESP,1,0,29
132967,2026-07-17,World,FIBA U17 Women's Basketball World Cup,Quarter-Finals,New Zealand,NZL,0,1,-29
132968,2026-07-18,World,FIBA U17 Women's Basketball World Cup,Class 13-16,Mexico,MEX,0,1,-8
132968,2026-07-18,World,FIBA U17 Women's Basketball World Cup,Class 13-16,Czechia,CZE,1,0,8
132969,2026-07-18,World,FIBA U17 Women's Basketball World Cup,Class 13-16,Germany,GER,1,0,33
132969,2026-07-18,World,FIBA U17 Women's Basketball World Cup,Class 13-16,Côte d'Ivoire,CIV,0,1,-33
132970,2026-07-18,World,FIBA U17 Women's Basketball World Cup,Class 5-8,Slovenia,SLO,0,1,-2
132970,2026-07-18,World,FIBA U17 Women's Basketball World Cup,Class 5-8,People 's Republic of China,CHN,1,0,2
132971,2026-07-18,World,FIBA U17 Women's Basketball World Cup,Class 5-8,Japan,JPN,0,1,-25
132971,2026-07-18,World,FIBA U17 Women's Basketball World Cup,Class 5-8,New Zealand,NZL,1,0,25
132972,2026-07-18,World,FIBA U17 Women's Basketball World Cup,Semi-Finals,USA,USA,1,0,26
132972,2026-07-18,World,FIBA U17 Women's Basketball World Cup,Semi-Finals,Canada,CAN,0,1,-26
132973,2026-07-18,World,FIBA U17 Women's Basketball World Cup,Semi-Finals,Australia,AUS,0,1,-7
132973,2026-07-18,World,FIBA U17 Women's Basketball World Cup,Semi-Finals,Spain,ESP,1,0,7
132974,2026-07-19,World,FIBA U17 Women's Basketball World Cup,Class 15-16,Mexico,MEX,1,0,16
132974,2026-07-19,World,FIBA U17 Women's Basketball World Cup,Class 15-16,Côte d'Ivoire,CIV,0,1,-16
132975,2026-07-19,World,FIBA U17 Women's Basketball World Cup,Class 13-14,Czechia,CZE,0,1,-26
132975,2026-07-19,World,FIBA U17 Women's Basketball World Cup,Class 13-14,Germany,GER,1,0,26
132976,2026-07-19,World,FIBA U17 Women's Basketball World Cup,Class 11-12,Latvia,LAT,1,0,14
132976,2026-07-19,World,FIBA U17 Women's Basketball World Cup,Class 11-12,Colombia,COL,0,1,-14
132977,2026-07-19,World,FIBA U17 Women's Basketball World Cup,Class 9-10,Italy,ITA,0,1,-17
132977,2026-07-19,World,FIBA U17 Women's Basketball World Cup,Class 9-10,Egypt,EGY,1,0,17
132978,2026-07-19,World,FIBA U17 Women's Basketball World Cup,Class 7-8,Slovenia,SLO,0,1,-9
132978,2026-07-19,World,FIBA U17 Women's Basketball World Cup,Class 7-8,Japan,JPN,1,0,9
132979,2026-07-19,World,FIBA U17 Women's Basketball World Cup,Class 5-6,People 's Republic of China,CHN,0,1,-15
132979,2026-07-19,World,FIBA U17 Women's Basketball World Cup,Class 5-6,New Zealand,NZL,1,0,15
132980,2026-07-19,World,FIBA U17 Women's Basketball World Cup,3rd Place Game,Canada,CAN,0,1,-7
132980,2026-07-19,World,FIBA U17 Women's Basketball World Cup,3rd Place Game,Australia,AUS,1,0,7
132981,2026-07-19,World,FIBA U17 Women's Basketball World Cup,Final,USA,USA,1,0,9
132981,2026-07-19,World,FIBA U17 Women's Basketball World Cup,Final,Spain,ESP,0,1,-9
132982,2026-07-18,World,FIBA U17 Women's Basketball World Cup,Class 9-12,Italy,ITA,1,0,4
132982,2026-07-18,World,FIBA U17 Women's Basketball World Cup,Class 9-12,Latvia,LAT,0,1,-4
132983,2026-07-18,World,FIBA U17 Women's Basketball World Cup,Class 9-12,Egypt,EGY,1,0,36
132983,2026-07-18,World,FIBA U17 Women's Basketball World Cup,Class 9-12,Colombia,COL,0,1,-36
