gameId,nationality,teamId,shortCode,AS,BS,DR,OR,REB,FD,FG2A,FG2M,FG2P,FG3A,FG3M,FG3P,FGA,FGM,FGP,FTA,FTM,FTP,FGIA,FGIM,FGIP,PF,PTS,ST,TO,ID,10+ ppg,MP,opp_nationality,opp_teamId,opp_shortCode,opp_AS,opp_BS,opp_DR,opp_OR,opp_REB,opp_FD,opp_FG2A,opp_FG2M,opp_FG2P,opp_FG3A,opp_FG3M,opp_FG3P,opp_FGA,opp_FGM,opp_FGP,opp_FTA,opp_FTM,opp_FTP,opp_FGIA,opp_FGIM,opp_FGIP,opp_PF,opp_PTS,opp_ST,opp_TO
114387,Australia,16,AUS,19,9,23,20,43,23,56,22,39.3,20,6,30,76,28,36.8,20,14,70,55,22,40,22,76,24,15,1,4,200,Latvia,610,LAT,14,3,30,19,49,22,33,9,27.3,22,9,40.9,55,18,32.7,31,20,64.5,28,8,28.6,23,65,8,29
114387,Latvia,610,LAT,14,3,30,19,49,22,33,9,27.3,22,9,40.9,55,18,32.7,31,20,64.5,28,8,28.6,23,65,8,29,2,3,200,Australia,16,AUS,19,9,23,20,43,23,56,22,39.3,20,6,30,76,28,36.8,20,14,70,55,22,40,22,76,24,15
114390,Côte d'Ivoire,44,CIV,8,4,18,10,28,16,32,6,18.8,15,3,20,47,9,19.2,12,3,25,25,5,20,26,24,7,46,1,1,200,USA,154,USA,27,8,32,34,66,26,73,41,56.2,17,3,17.7,90,44,48.9,40,26,65,57,35,61.4,16,117,33,12
114390,USA,154,USA,27,8,32,34,66,26,73,41,56.2,17,3,17.7,90,44,48.9,40,26,65,57,35,61.4,16,117,33,12,2,6,200,Côte d'Ivoire,44,CIV,8,4,18,10,28,16,32,6,18.8,15,3,20,47,9,19.2,12,3,25,25,5,20,26,24,7,46
114406,Egypt,53,EGY,12,3,25,16,41,17,54,21,38.9,19,4,21.1,73,25,34.3,18,11,61.1,51,20,39.2,18,65,14,20,1,3,200,New Zealand,113,NZL,23,2,34,14,48,18,41,19,46.3,25,11,44,66,30,45.5,18,8,44.4,35,18,51.4,17,79,11,25
114406,New Zealand,113,NZL,23,2,34,14,48,18,41,19,46.3,25,11,44,66,30,45.5,18,8,44.4,35,18,51.4,17,79,11,25,2,4,200,Egypt,53,EGY,12,3,25,16,41,17,54,21,38.9,19,4,21.1,73,25,34.3,18,11,61.1,51,20,39.2,18,65,14,20
114405,Italy,83,ITA,16,4,31,16,47,13,44,13,29.6,26,8,30.8,70,21,30,10,4,40,26,12,46.2,25,54,6,16,1,2,200,Canada,34,CAN,17,5,34,22,56,25,43,13,30.2,23,8,34.8,66,21,31.8,31,19,61.3,34,12,35.3,13,69,6,15
114405,Canada,34,CAN,17,5,34,22,56,25,43,13,30.2,23,8,34.8,66,21,31.8,31,19,61.3,34,12,35.3,13,69,6,15,2,2,200,Italy,83,ITA,16,4,31,16,47,13,44,13,29.6,26,8,30.8,70,21,30,10,4,40,26,12,46.2,25,54,6,16
114399,Japan,85,JPN,14,1,35,17,52,21,35,17,48.6,35,7,20,70,24,34.3,25,15,60,30,14,46.7,23,70,8,10,1,3,200,Colombia,40,COL,8,2,32,12,44,23,41,11,26.8,12,3,25,53,14,26.4,33,17,51.5,33,11,33.3,21,48,5,17
114399,Colombia,40,COL,8,2,32,12,44,23,41,11,26.8,12,3,25,53,14,26.4,33,17,51.5,33,11,33.3,21,48,5,17,2,2,200,Japan,85,JPN,14,1,35,17,52,21,35,17,48.6,35,7,20,70,24,34.3,25,15,60,30,14,46.7,23,70,8,10
114400,Czechia,886,CZE,12,5,23,20,43,21,42,14,33.3,26,6,23.1,68,20,29.4,20,9,45,40,14,35,27,55,9,18,1,1,200,Slovenia,618,SLO,17,8,32,16,48,27,40,13,32.5,13,4,30.8,53,17,32.1,41,25,61,34,13,38.2,21,63,14,21
114400,Slovenia,618,SLO,17,8,32,16,48,27,40,13,32.5,13,4,30.8,53,17,32.1,41,25,61,34,13,38.2,21,63,14,21,2,3,200,Czechia,886,CZE,12,5,23,20,43,21,42,14,33.3,26,6,23.1,68,20,29.4,20,9,45,40,14,35,27,55,9,18
114391,Mexico,104,MEX,15,5,32,8,40,15,40,11,27.5,27,6,22.2,67,17,25.4,16,11,68.8,27,8,29.6,24,51,5,8,1,1,200,People 's Republic of China,39,CHN,23,5,44,18,62,24,42,18,42.9,30,10,33.3,72,28,38.9,26,14,53.9,39,17,43.6,15,80,2,10
114391,People 's Republic of China,39,CHN,23,5,44,18,62,24,42,18,42.9,30,10,33.3,72,28,38.9,26,14,53.9,39,17,43.6,15,80,2,10,2,3,200,Mexico,104,MEX,15,5,32,8,40,15,40,11,27.5,27,6,22.2,67,17,25.4,16,11,68.8,27,8,29.6,24,51,5,8
114394,Germany,64,GER,13,3,30,6,36,20,13,5,38.5,28,6,21.4,41,11,26.8,24,12,50,10,4,40,23,40,5,34,1,0,200,Spain,138,ESP,21,4,25,32,57,23,57,24,42.1,24,2,8.3,81,26,32.1,27,12,44.4,52,22,42.3,20,66,22,17
114394,Spain,138,ESP,21,4,25,32,57,23,57,24,42.1,24,2,8.3,81,26,32.1,27,12,44.4,52,22,42.3,20,66,22,17,2,1,200,Germany,64,GER,13,3,30,6,36,20,13,5,38.5,28,6,21.4,41,11,26.8,24,12,50,10,4,40,23,40,5,34
114403,New Zealand,113,NZL,21,1,34,20,54,14,44,19,43.2,25,7,28,69,26,37.7,12,9,75,40,19,47.5,7,68,8,21,1,3,200,Italy,83,ITA,13,5,23,8,31,7,36,14,38.9,31,9,29,67,23,34.3,2,1,50,22,10,45.5,14,56,8,15
114403,Italy,83,ITA,13,5,23,8,31,7,36,14,38.9,31,9,29,67,23,34.3,2,1,50,22,10,45.5,14,56,8,15,2,2,200,New Zealand,113,NZL,21,1,34,20,54,14,44,19,43.2,25,7,28,69,26,37.7,12,9,75,40,19,47.5,7,68,8,21
114408,Canada,34,CAN,21,2,38,19,57,20,42,19,45.2,24,5,20.8,66,24,36.4,29,23,79.3,33,15,45.5,19,76,4,15,1,3,200,Egypt,53,EGY,13,2,27,11,38,19,38,14,36.8,26,6,23.1,64,20,31.3,29,10,34.5,32,14,43.8,20,56,8,13
114408,Egypt,53,EGY,13,2,27,11,38,19,38,14,36.8,26,6,23.1,64,20,31.3,29,10,34.5,32,14,43.8,20,56,8,13,2,1,200,Canada,34,CAN,21,2,38,19,57,20,42,19,45.2,24,5,20.8,66,24,36.4,29,23,79.3,33,15,45.5,19,76,4,15
114396,People 's Republic of China,39,CHN,19,1,27,22,49,17,53,26,49.1,25,7,28,78,33,42.3,15,6,40,52,25,48.1,12,79,13,13,1,3,200,Germany,64,GER,13,7,26,12,38,12,31,10,32.3,28,8,28.6,59,18,30.5,11,10,90.9,20,6,30,17,54,5,24
114396,Germany,64,GER,13,7,26,12,38,12,31,10,32.3,28,8,28.6,59,18,30.5,11,10,90.9,20,6,30,17,54,5,24,2,2,200,People 's Republic of China,39,CHN,19,1,27,22,49,17,53,26,49.1,25,7,28,78,33,42.3,15,6,40,52,25,48.1,12,79,13,13
114393,Spain,138,ESP,24,5,26,31,57,13,42,20,47.6,39,9,23.1,81,29,35.8,15,8,53.3,37,16,43.2,16,75,14,17,1,4,200,Mexico,104,MEX,13,3,24,9,33,16,32,13,40.6,20,3,15,52,16,30.8,9,5,55.6,23,12,52.2,13,40,6,25
114393,Mexico,104,MEX,13,3,24,9,33,16,32,13,40.6,20,3,15,52,16,30.8,9,5,55.6,23,12,52.2,13,40,6,25,2,1,200,Spain,138,ESP,24,5,26,31,57,13,42,20,47.6,39,9,23.1,81,29,35.8,15,8,53.3,37,16,43.2,16,75,14,17
114398,Slovenia,618,SLO,17,3,31,22,53,24,41,12,29.3,13,4,30.8,54,16,29.6,33,23,69.7,33,12,36.4,21,59,2,27,1,4,200,Japan,85,JPN,14,0,20,6,26,21,34,20,58.8,28,9,32.1,62,29,46.8,27,22,81.5,30,20,66.7,24,89,13,6
114398,Japan,85,JPN,14,0,20,6,26,21,34,20,58.8,28,9,32.1,62,29,46.8,27,22,81.5,30,20,66.7,24,89,13,6,2,6,200,Slovenia,618,SLO,17,3,31,22,53,24,41,12,29.3,13,4,30.8,54,16,29.6,33,23,69.7,33,12,36.4,21,59,2,27
114401,Colombia,40,COL,15,6,45,14,59,25,37,12,32.4,21,3,14.3,58,15,25.9,35,19,54.3,27,10,37,22,52,7,24,1,1,200,Czechia,886,CZE,12,8,34,24,58,22,49,7,14.3,29,5,17.2,78,12,15.4,26,17,65.4,44,7,15.9,25,46,12,17
114401,Czechia,886,CZE,12,8,34,24,58,22,49,7,14.3,29,5,17.2,78,12,15.4,26,17,65.4,44,7,15.9,25,46,12,17,2,2,200,Colombia,40,COL,15,6,45,14,59,25,37,12,32.4,21,3,14.3,58,15,25.9,35,19,54.3,27,10,37,22,52,7,24
114386,Latvia,610,LAT,20,7,40,13,53,18,38,13,34.2,29,10,34.5,67,23,34.3,16,13,81.3,34,12,35.3,18,69,15,25,1,1,200,Côte d'Ivoire,44,CIV,8,6,32,14,46,18,54,14,25.9,11,1,9.1,65,15,23.1,24,13,54.2,40,11,27.5,18,44,19,24
114386,Côte d'Ivoire,44,CIV,8,6,32,14,46,18,54,14,25.9,11,1,9.1,65,15,23.1,24,13,54.2,40,11,27.5,18,44,19,24,2,2,200,Latvia,610,LAT,20,7,40,13,53,18,38,13,34.2,29,10,34.5,67,23,34.3,16,13,81.3,34,12,35.3,18,69,15,25
114389,USA,154,USA,14,3,26,27,53,20,64,22,34.4,18,4,22.2,82,26,31.7,22,18,81.8,48,17,35.4,23,74,8,11,1,4,200,Australia,16,AUS,15,4,31,9,40,23,44,20,45.5,17,5,29.4,61,25,41,24,17,70.8,43,20,46.5,20,72,6,16
114389,Australia,16,AUS,15,4,31,9,40,23,44,20,45.5,17,5,29.4,61,25,41,24,17,70.8,43,20,46.5,20,72,6,16,2,2,200,USA,154,USA,14,3,26,27,53,20,64,22,34.4,18,4,22.2,82,26,31.7,22,18,81.8,48,17,35.4,23,74,8,11
114395,Germany,64,GER,17,9,38,22,60,15,34,14,41.2,32,8,25,66,22,33.3,13,9,69.2,34,14,41.2,15,61,10,37,1,2,200,Mexico,104,MEX,11,3,24,10,34,15,48,16,33.3,16,1,6.3,64,17,26.6,14,7,50,43,16,37.2,15,42,25,27
114395,Mexico,104,MEX,11,3,24,10,34,15,48,16,33.3,16,1,6.3,64,17,26.6,14,7,50,43,16,37.2,15,42,25,27,2,1,200,Germany,64,GER,17,9,38,22,60,15,34,14,41.2,32,8,25,66,22,33.3,13,9,69.2,34,14,41.2,15,61,10,37
114392,People 's Republic of China,39,CHN,10,3,26,9,35,16,29,12,41.4,18,2,11.1,47,14,29.8,16,6,37.5,19,9,47.4,25,36,7,28,1,0,200,Spain,138,ESP,18,3,27,32,59,25,51,16,31.4,26,7,26.9,77,23,29.9,31,19,61.3,47,16,34,16,72,18,14
114392,Spain,138,ESP,18,3,27,32,59,25,51,16,31.4,26,7,26.9,77,23,29.9,31,19,61.3,47,16,34,16,72,18,14,2,2,200,People 's Republic of China,39,CHN,10,3,26,9,35,16,29,12,41.4,18,2,11.1,47,14,29.8,16,6,37.5,19,9,47.4,25,36,7,28
114385,Côte d'Ivoire,44,CIV,11,1,22,9,31,12,42,9,21.4,16,3,18.8,58,12,20.7,16,10,62.5,33,8,24.2,10,37,8,20,1,2,200,Australia,16,AUS,36,10,36,8,44,9,34,22,64.7,28,11,39.3,62,33,53.2,18,12,66.7,31,21,67.7,12,89,13,14
114385,Australia,16,AUS,36,10,36,8,44,9,34,22,64.7,28,11,39.3,62,33,53.2,18,12,66.7,31,21,67.7,12,89,13,14,2,5,200,Côte d'Ivoire,44,CIV,11,1,22,9,31,12,42,9,21.4,16,3,18.8,58,12,20.7,16,10,62.5,33,8,24.2,10,37,8,20
114388,Latvia,610,LAT,18,6,27,9,36,21,31,11,35.5,21,4,19.1,52,15,28.9,30,19,63.3,26,9,34.6,25,53,6,32,1,1,200,USA,154,USA,25,7,32,26,58,25,69,34,49.3,13,4,30.8,82,38,46.3,40,25,62.5,56,31,55.4,21,105,23,15
114388,USA,154,USA,25,7,32,26,58,25,69,34,49.3,13,4,30.8,82,38,46.3,40,25,62.5,56,31,55.4,21,105,23,15,2,5,200,Latvia,610,LAT,18,6,27,9,36,21,31,11,35.5,21,4,19.1,52,15,28.9,30,19,63.3,26,9,34.6,25,53,6,32
114397,Japan,85,JPN,14,3,25,14,39,19,30,11,36.7,33,9,27.3,63,20,31.8,26,20,76.9,26,11,42.3,17,69,11,11,1,2,200,Czechia,886,CZE,14,2,31,19,50,17,41,16,39,21,2,9.5,62,18,29,16,11,68.8,32,15,46.9,19,49,6,23
114397,Czechia,886,CZE,14,2,31,19,50,17,41,16,39,21,2,9.5,62,18,29,16,11,68.8,32,15,46.9,19,49,6,23,2,2,200,Japan,85,JPN,14,3,25,14,39,19,30,11,36.7,33,9,27.3,63,20,31.8,26,20,76.9,26,11,42.3,17,69,11,11
114402,Slovenia,618,SLO,27,6,31,18,49,17,49,26,53.1,21,7,33.3,70,33,47.1,23,13,56.5,44,24,54.6,17,86,14,14,1,4,200,Colombia,40,COL,13,8,21,10,31,17,42,13,31,18,9,50,60,22,36.7,14,6,42.9,29,11,37.9,17,59,6,22
114402,Colombia,40,COL,13,8,21,10,31,17,42,13,31,18,9,50,60,22,36.7,14,6,42.9,29,11,37.9,17,59,6,22,2,3,200,Slovenia,618,SLO,27,6,31,18,49,17,49,26,53.1,21,7,33.3,70,33,47.1,23,13,56.5,44,24,54.6,17,86,14,14
114404,Egypt,53,EGY,13,5,33,11,44,22,43,12,27.9,11,4,36.4,54,16,29.6,24,13,54.2,40,12,30,25,49,4,20,1,2,200,Italy,83,ITA,15,2,32,19,51,24,42,14,33.3,25,5,20,67,19,28.4,34,17,50,29,10,34.5,22,60,13,12
114404,Italy,83,ITA,15,2,32,19,51,24,42,14,33.3,25,5,20,67,19,28.4,34,17,50,29,10,34.5,22,60,13,12,2,2,200,Egypt,53,EGY,13,5,33,11,44,22,43,12,27.9,11,4,36.4,54,16,29.6,24,13,54.2,40,12,30,25,49,4,20
114407,Canada,34,CAN,21,6,28,18,46,12,46,19,41.3,30,13,43.3,76,32,42.1,11,8,72.7,35,16,45.7,17,85,6,12,1,4,200,New Zealand,113,NZL,26,6,28,11,39,17,43,20,46.5,22,8,36.4,65,28,43.1,24,12,50,41,20,48.8,12,76,5,13
114407,New Zealand,113,NZL,26,6,28,11,39,17,43,20,46.5,22,8,36.4,65,28,43.1,24,12,50,41,20,48.8,12,76,5,13,2,2,200,Canada,34,CAN,21,6,28,18,46,12,46,19,41.3,30,13,43.3,76,32,42.1,11,8,72.7,35,16,45.7,17,85,6,12
132952,USA,154,USA,39,12,41,25,66,20,49,30,61.2,32,12,37.5,81,42,51.9,21,16,76.2,33,21,63.6,6,112,12,12,1,7,200,Mexico,104,MEX,11,1,17,19,36,6,49,10,20.4,22,5,22.7,71,15,21.1,7,1,14.3,32,7,21.9,20,36,5,22
132952,Mexico,104,MEX,11,1,17,19,36,6,49,10,20.4,22,5,22.7,71,15,21.1,7,1,14.3,32,7,21.9,20,36,5,22,2,2,200,USA,154,USA,39,12,41,25,66,20,49,30,61.2,32,12,37.5,81,42,51.9,21,16,76.2,33,21,63.6,6,112,12,12
132954,Latvia,610,LAT,19,1,25,14,39,18,51,22,43.1,14,2,14.3,65,24,36.9,14,10,71.4,46,21,45.7,16,60,8,20,1,3,200,People 's Republic of China,39,CHN,24,8,28,18,46,16,40,23,57.5,32,8,25,72,31,43.1,22,13,59.1,36,19,52.8,18,83,9,13
132954,People 's Republic of China,39,CHN,24,8,28,18,46,16,40,23,57.5,32,8,25,72,31,43.1,22,13,59.1,36,19,52.8,18,83,9,13,2,3,200,Latvia,610,LAT,19,1,25,14,39,18,51,22,43.1,14,2,14.3,65,24,36.9,14,10,71.4,46,21,45.7,16,60,8,20
132953,Australia,16,AUS,20,6,34,12,46,16,42,22,52.4,24,5,20.8,66,27,40.9,16,12,75,40,22,55,11,71,7,16,1,3,200,Germany,64,GER,9,3,29,16,45,11,37,12,32.4,31,5,16.1,68,17,25,13,6,46.2,29,8,27.6,16,45,8,18
132953,Germany,64,GER,9,3,29,16,45,11,37,12,32.4,31,5,16.1,68,17,25,13,6,46.2,29,8,27.6,16,45,8,18,2,1,200,Australia,16,AUS,20,6,34,12,46,16,42,22,52.4,24,5,20.8,66,27,40.9,16,12,75,40,22,55,11,71,7,16
132955,Côte d'Ivoire,44,CIV,8,0,22,5,27,14,21,8,38.1,18,3,16.7,39,11,28.2,18,8,44.4,17,8,47.1,19,33,5,28,1,2,200,Spain,138,ESP,26,1,28,30,58,19,51,24,47.1,33,9,27.3,84,33,39.3,17,12,70.6,42,22,52.4,14,87,20,12
132955,Spain,138,ESP,26,1,28,30,58,19,51,24,47.1,33,9,27.3,84,33,39.3,17,12,70.6,42,22,52.4,14,87,20,12,2,3,200,Côte d'Ivoire,44,CIV,8,0,22,5,27,14,21,8,38.1,18,3,16.7,39,11,28.2,18,8,44.4,17,8,47.1,19,33,5,28
132958,Colombia,40,COL,9,3,36,13,49,8,49,11,22.5,19,3,15.8,68,14,20.6,13,9,69.2,30,9,30,14,40,13,16,1,1,200,New Zealand,113,NZL,15,3,39,28,67,14,51,21,41.2,30,3,10,81,24,29.6,19,9,47.4,45,20,44.4,8,60,6,16
132958,New Zealand,113,NZL,15,3,39,28,67,14,51,21,41.2,30,3,10,81,24,29.6,19,9,47.4,45,20,44.4,8,60,6,16,2,2,200,Colombia,40,COL,9,3,36,13,49,8,49,11,22.5,19,3,15.8,68,14,20.6,13,9,69.2,30,9,30,14,40,13,16
132959,Czechia,886,CZE,11,6,30,21,51,11,53,14,26.4,23,2,8.7,76,16,21.1,14,6,42.9,47,13,27.7,19,40,13,21,1,1,200,Canada,34,CAN,13,9,41,23,64,19,40,14,35,31,9,29,71,23,32.4,23,12,52.2,31,14,45.2,11,67,12,22
132959,Canada,34,CAN,13,9,41,23,64,19,40,14,35,31,9,29,71,23,32.4,23,12,52.2,31,14,45.2,11,67,12,22,2,3,200,Czechia,886,CZE,11,6,30,21,51,11,53,14,26.4,23,2,8.7,76,16,21.1,14,6,42.9,47,13,27.7,19,40,13,21
132957,Slovenia,618,SLO,14,3,29,15,44,21,48,20,41.7,11,3,27.3,59,23,39,30,17,56.7,43,20,46.5,13,66,15,18,1,4,200,Italy,83,ITA,10,4,26,13,39,13,32,13,40.6,26,4,15.4,58,17,29.3,12,6,50,24,10,41.7,21,44,10,23
132957,Italy,83,ITA,10,4,26,13,39,13,32,13,40.6,26,4,15.4,58,17,29.3,12,6,50,24,10,41.7,21,44,10,23,2,2,200,Slovenia,618,SLO,14,3,29,15,44,21,48,20,41.7,11,3,27.3,59,23,39,30,17,56.7,43,20,46.5,13,66,15,18
132956,Japan,85,JPN,14,2,37,9,46,18,35,20,57.1,28,7,25,63,27,42.9,23,19,82.6,28,17,60.7,22,80,8,11,1,3,200,Egypt,53,EGY,10,1,28,20,48,22,45,16,35.6,28,3,10.7,73,19,26,21,12,57.1,44,16,36.4,18,53,6,12
132956,Egypt,53,EGY,10,1,28,20,48,22,45,16,35.6,28,3,10.7,73,19,26,21,12,57.1,44,16,36.4,18,53,6,12,2,3,200,Japan,85,JPN,14,2,37,9,46,18,35,20,57.1,28,7,25,63,27,42.9,23,19,82.6,28,17,60.7,22,80,8,11
132963,Côte d'Ivoire,44,CIV,12,3,22,12,34,24,44,12,27.3,17,5,29.4,61,17,27.9,27,12,44.4,37,12,32.4,20,51,14,19,1,2,200,Colombia,40,COL,19,8,38,10,48,20,27,10,37,22,9,40.9,49,19,38.8,30,19,63.3,19,10,52.6,24,66,16,29
132963,Colombia,40,COL,19,8,38,10,48,20,27,10,37,22,9,40.9,49,19,38.8,30,19,63.3,19,10,52.6,24,66,16,29,2,2,200,Côte d'Ivoire,44,CIV,12,3,22,12,34,24,44,12,27.3,17,5,29.4,61,17,27.9,27,12,44.4,37,12,32.4,20,51,14,19
132965,Australia,16,AUS,15,3,30,14,44,15,36,17,47.2,23,7,30.4,59,24,40.7,15,15,100,35,17,48.6,11,70,3,16,1,3,200,Japan,85,JPN,6,0,21,5,26,11,38,22,57.9,24,5,20.8,62,27,43.6,6,5,83.3,29,19,65.5,15,64,7,9
132965,Japan,85,JPN,6,0,21,5,26,11,38,22,57.9,24,5,20.8,62,27,43.6,6,5,83.3,29,19,65.5,15,64,7,9,2,2,200,Australia,16,AUS,15,3,30,14,44,15,36,17,47.2,23,7,30.4,59,24,40.7,15,15,100,35,17,48.6,11,70,3,16
132961,Germany,64,GER,15,3,33,15,48,15,35,10,28.6,32,8,25,67,18,26.9,14,10,71.4,30,10,33.3,21,54,10,20,1,1,200,Egypt,53,EGY,16,5,34,8,42,21,35,16,45.7,18,3,16.7,53,19,35.9,34,17,50,34,16,47.1,15,58,9,19
132961,Egypt,53,EGY,16,5,34,8,42,21,35,16,45.7,18,3,16.7,53,19,35.9,34,17,50,34,16,47.1,15,58,9,19,2,3,200,Germany,64,GER,15,3,33,15,48,15,35,10,28.6,32,8,25,67,18,26.9,14,10,71.4,30,10,33.3,21,54,10,20
132967,Spain,138,ESP,22,4,30,25,55,16,57,23,40.4,36,9,25,93,32,34.4,17,11,64.7,50,22,44,27,84,17,11,1,3,200,New Zealand,113,NZL,18,2,36,12,48,27,33,11,33.3,21,5,23.8,54,16,29.6,34,18,52.9,28,10,35.7,16,55,5,25
132967,New Zealand,113,NZL,18,2,36,12,48,27,33,11,33.3,21,5,23.8,54,16,29.6,34,18,52.9,28,10,35.7,16,55,5,25,2,2,200,Spain,138,ESP,22,4,30,25,55,16,57,23,40.4,36,9,25,93,32,34.4,17,11,64.7,50,22,44,27,84,17,11
132962,Latvia,610,LAT,13,3,31,14,45,31,29,11,37.9,19,5,26.3,48,16,33.3,42,35,83.3,28,11,39.3,22,72,9,25,1,3,200,Czechia,886,CZE,14,5,21,18,39,22,56,22,39.3,14,2,14.3,70,24,34.3,20,9,45,47,20,42.6,32,59,15,21
132962,Czechia,886,CZE,14,5,21,18,39,22,56,22,39.3,14,2,14.3,70,24,34.3,20,9,45,47,20,42.6,32,59,15,21,2,0,200,Latvia,610,LAT,13,3,31,14,45,31,29,11,37.9,19,5,26.3,48,16,33.3,42,35,83.3,28,11,39.3,22,72,9,25
132966,People 's Republic of China,39,CHN,19,2,27,19,46,14,49,24,49,31,5,16.1,80,29,36.3,10,5,50,41,21,51.2,16,68,12,16,1,3,200,Canada,34,CAN,16,5,33,13,46,16,39,21,53.9,25,5,20,64,26,40.6,18,12,66.7,34,19,55.9,14,69,8,21
132966,Canada,34,CAN,16,5,33,13,46,16,39,21,53.9,25,5,20,64,26,40.6,18,12,66.7,34,19,55.9,14,69,8,21,2,4,200,People 's Republic of China,39,CHN,19,2,27,19,46,14,49,24,49,31,5,16.1,80,29,36.3,10,5,50,41,21,51.2,16,68,12,16
132960,Mexico,104,MEX,14,2,27,11,38,18,44,17,38.6,19,4,21.1,63,21,33.3,28,16,57.1,39,16,41,20,62,9,13,1,2,200,Italy,83,ITA,21,5,36,21,57,20,29,12,41.4,33,10,30.3,62,22,35.5,33,18,54.6,22,12,54.6,18,72,7,23
132960,Italy,83,ITA,21,5,36,21,57,20,29,12,41.4,33,10,30.3,62,22,35.5,33,18,54.6,22,12,54.6,18,72,7,23,2,4,200,Mexico,104,MEX,14,2,27,11,38,18,44,17,38.6,19,4,21.1,63,21,33.3,28,16,57.1,39,16,41,20,62,9,13
132964,USA,154,USA,19,5,20,18,38,20,61,29,47.5,11,3,27.3,72,32,44.4,17,10,58.8,51,26,51,14,77,13,9,1,4,200,Slovenia,618,SLO,19,6,24,12,36,14,36,19,52.8,16,4,25,52,23,44.2,11,7,63.6,27,15,55.6,20,57,5,26
132964,Slovenia,618,SLO,19,6,24,12,36,14,36,19,52.8,16,4,25,52,23,44.2,11,7,63.6,27,15,55.6,20,57,5,26,2,2,200,USA,154,USA,19,5,20,18,38,20,61,29,47.5,11,3,27.3,72,32,44.4,17,10,58.8,51,26,51,14,77,13,9
132969,Germany,64,GER,23,6,38,16,54,13,30,17,56.7,38,10,26.3,68,27,39.7,21,16,76.2,27,15,55.6,21,80,16,32,1,3,200,Côte d'Ivoire,44,CIV,12,2,27,18,45,20,52,14,26.9,20,2,10,72,16,22.2,21,13,61.9,46,12,26.1,14,47,19,29
132969,Côte d'Ivoire,44,CIV,12,2,27,18,45,20,52,14,26.9,20,2,10,72,16,22.2,21,13,61.9,46,12,26.1,14,47,19,29,2,2,200,Germany,64,GER,23,6,38,16,54,13,30,17,56.7,38,10,26.3,68,27,39.7,21,16,76.2,27,15,55.6,21,80,16,32
132971,Japan,85,JPN,13,1,19,14,33,11,30,7,23.3,44,10,22.7,74,17,23,12,8,66.7,18,6,33.3,20,52,15,9,1,3,200,New Zealand,113,NZL,24,4,44,20,64,20,38,16,42.1,21,10,47.6,59,26,44.1,25,15,60,33,14,42.4,11,77,5,23
132971,New Zealand,113,NZL,24,4,44,20,64,20,38,16,42.1,21,10,47.6,59,26,44.1,25,15,60,33,14,42.4,11,77,5,23,2,4,200,Japan,85,JPN,13,1,19,14,33,11,30,7,23.3,44,10,22.7,74,17,23,12,8,66.7,18,6,33.3,20,52,15,9
132982,Italy,83,ITA,14,1,32,20,52,14,50,21,42,24,3,12.5,74,24,32.4,18,12,66.7,37,17,46,17,63,6,7,1,4,200,Latvia,610,LAT,11,1,30,10,40,17,36,14,38.9,22,6,27.3,58,20,34.5,24,13,54.2,34,14,41.2,14,59,2,10
132982,Latvia,610,LAT,11,1,30,10,40,17,36,14,38.9,22,6,27.3,58,20,34.5,24,13,54.2,34,14,41.2,14,59,2,10,2,3,200,Italy,83,ITA,14,1,32,20,52,14,50,21,42,24,3,12.5,74,24,32.4,18,12,66.7,37,17,46,17,63,6,7
132970,Slovenia,618,SLO,15,6,28,8,36,16,46,25,54.4,11,4,36.4,57,29,50.9,11,9,81.8,34,22,64.7,19,71,4,16,1,3,200,People 's Republic of China,39,CHN,16,0,19,11,30,19,34,16,47.1,30,9,30,64,25,39.1,18,14,77.8,29,13,44.8,16,73,6,9
132970,People 's Republic of China,39,CHN,16,0,19,11,30,19,34,16,47.1,30,9,30,64,25,39.1,18,14,77.8,29,13,44.8,16,73,6,9,2,2,200,Slovenia,618,SLO,15,6,28,8,36,16,46,25,54.4,11,4,36.4,57,29,50.9,11,9,81.8,34,22,64.7,19,71,4,16
132968,Mexico,104,MEX,19,4,30,14,44,18,48,22,45.8,20,4,20,68,26,38.2,19,10,52.6,42,20,47.6,14,66,13,18,1,3,200,Czechia,886,CZE,20,9,31,14,45,13,48,22,45.8,25,7,28,73,29,39.7,11,9,81.8,44,22,50,18,74,14,18
132968,Czechia,886,CZE,20,9,31,14,45,13,48,22,45.8,25,7,28,73,29,39.7,11,9,81.8,44,22,50,18,74,14,18,2,3,200,Mexico,104,MEX,19,4,30,14,44,18,48,22,45.8,20,4,20,68,26,38.2,19,10,52.6,42,20,47.6,14,66,13,18
132973,Australia,16,AUS,12,6,31,16,47,19,30,15,50,24,4,16.7,54,19,35.2,16,9,56.3,28,14,50,14,51,5,21,1,2,200,Spain,138,ESP,18,2,22,22,44,14,38,12,31.6,32,9,28.1,70,21,30,12,7,58.3,34,11,32.4,19,58,15,12
132973,Spain,138,ESP,18,2,22,22,44,14,38,12,31.6,32,9,28.1,70,21,30,12,7,58.3,34,11,32.4,19,58,15,12,2,2,200,Australia,16,AUS,12,6,31,16,47,19,30,15,50,24,4,16.7,54,19,35.2,16,9,56.3,28,14,50,14,51,5,21
132983,Egypt,53,EGY,21,6,41,12,53,17,45,23,51.1,23,5,21.7,68,28,41.2,19,11,57.9,44,23,52.3,16,72,10,16,1,2,200,Colombia,40,COL,8,3,32,8,40,16,47,13,27.7,14,1,7.1,61,14,23,13,7,53.9,40,12,30,17,36,12,21
132983,Colombia,40,COL,8,3,32,8,40,16,47,13,27.7,14,1,7.1,61,14,23,13,7,53.9,40,12,30,17,36,12,21,2,0,200,Egypt,53,EGY,21,6,41,12,53,17,45,23,51.1,23,5,21.7,68,28,41.2,19,11,57.9,44,23,52.3,16,72,10,16
132972,USA,154,USA,23,7,25,24,49,21,53,25,47.2,20,5,25,73,30,41.1,30,21,70,41,21,51.2,22,86,13,19,1,4,200,Canada,34,CAN,16,6,23,16,39,22,37,13,35.1,19,5,26.3,56,18,32.1,26,19,73.1,31,9,29,21,60,7,25
132972,Canada,34,CAN,16,6,23,16,39,22,37,13,35.1,19,5,26.3,56,18,32.1,26,19,73.1,31,9,29,21,60,7,25,2,3,200,USA,154,USA,23,7,25,24,49,21,53,25,47.2,20,5,25,73,30,41.1,30,21,70,41,21,51.2,22,86,13,19
132974,Mexico,104,MEX,32,4,40,14,54,27,48,26,54.2,15,4,26.7,63,30,47.6,38,24,63.2,45,24,53.3,26,88,16,25,1,4,200,Côte d'Ivoire,44,CIV,17,4,25,12,37,25,44,13,29.6,20,9,45,64,22,34.4,41,19,46.3,35,9,25.7,27,72,15,19
132974,Côte d'Ivoire,44,CIV,17,4,25,12,37,25,44,13,29.6,20,9,45,64,22,34.4,41,19,46.3,35,9,25.7,27,72,15,19,2,1,200,Mexico,104,MEX,32,4,40,14,54,27,48,26,54.2,15,4,26.7,63,30,47.6,38,24,63.2,45,24,53.3,26,88,16,25
132975,Czechia,886,CZE,13,3,26,20,46,18,49,11,22.5,16,1,6.3,65,12,18.5,24,12,50,47,11,23.4,22,37,17,28,1,1,200,Germany,64,GER,20,8,33,17,50,21,28,14,50,31,8,25.8,59,22,37.3,18,11,61.1,28,14,50,18,63,15,31
132975,Germany,64,GER,20,8,33,17,50,21,28,14,50,31,8,25.8,59,22,37.3,18,11,61.1,28,14,50,18,63,15,31,2,2,200,Czechia,886,CZE,13,3,26,20,46,18,49,11,22.5,16,1,6.3,65,12,18.5,24,12,50,47,11,23.4,22,37,17,28
132976,Latvia,610,LAT,22,5,34,19,53,19,44,13,29.6,25,7,28,69,20,29,19,13,68.4,40,12,30,15,60,9,17,1,2,200,Colombia,40,COL,14,9,33,15,48,15,42,15,35.7,19,2,10.5,61,17,27.9,23,10,43.5,36,13,36.1,19,46,11,20
132976,Colombia,40,COL,14,9,33,15,48,15,42,15,35.7,19,2,10.5,61,17,27.9,23,10,43.5,36,13,36.1,19,46,11,20,2,1,200,Latvia,610,LAT,22,5,34,19,53,19,44,13,29.6,25,7,28,69,20,29,19,13,68.4,40,12,30,15,60,9,17
132977,Italy,83,ITA,16,2,27,13,40,12,49,20,40.8,16,4,25,65,24,36.9,16,11,68.8,32,15,46.9,17,63,8,17,1,2,200,Egypt,53,EGY,17,4,29,16,45,17,50,27,54,22,5,22.7,72,32,44.4,19,11,57.9,48,27,56.3,12,80,8,12
132977,Egypt,53,EGY,17,4,29,16,45,17,50,27,54,22,5,22.7,72,32,44.4,19,11,57.9,48,27,56.3,12,80,8,12,2,2,200,Italy,83,ITA,16,2,27,13,40,12,49,20,40.8,16,4,25,65,24,36.9,16,11,68.8,32,15,46.9,17,63,8,17
132978,Slovenia,618,SLO,13,5,28,14,42,16,38,12,31.6,23,5,21.7,61,17,27.9,8,6,75,30,11,36.7,19,45,4,17,1,2,200,Japan,85,JPN,6,0,26,13,39,19,43,15,34.9,19,4,21.1,62,19,30.7,14,12,85.7,37,12,32.4,16,54,12,10
132978,Japan,85,JPN,6,0,26,13,39,19,43,15,34.9,19,4,21.1,62,19,30.7,14,12,85.7,37,12,32.4,16,54,12,10,2,2,200,Slovenia,618,SLO,13,5,28,14,42,16,38,12,31.6,23,5,21.7,61,17,27.9,8,6,75,30,11,36.7,19,45,4,17
132979,People 's Republic of China,39,CHN,19,1,21,21,42,10,49,22,44.9,30,3,10,79,25,31.7,13,8,61.5,42,20,47.6,18,61,10,12,1,4,200,New Zealand,113,NZL,19,3,33,17,50,18,48,23,47.9,16,5,31.3,64,28,43.8,22,15,68.2,44,20,45.5,10,76,7,18
132979,New Zealand,113,NZL,19,3,33,17,50,18,48,23,47.9,16,5,31.3,64,28,43.8,22,15,68.2,44,20,45.5,10,76,7,18,2,2,200,People 's Republic of China,39,CHN,19,1,21,21,42,10,49,22,44.9,30,3,10,79,25,31.7,13,8,61.5,42,20,47.6,18,61,10,12
132980,Canada,34,CAN,13,7,27,12,39,13,48,15,31.3,19,7,36.8,67,22,32.8,8,6,75,44,13,29.6,13,57,5,11,1,2,200,Australia,16,AUS,17,7,34,18,52,13,37,15,40.5,30,8,26.7,67,23,34.3,13,10,76.9,36,14,38.9,13,64,7,13
132980,Australia,16,AUS,17,7,34,18,52,13,37,15,40.5,30,8,26.7,67,23,34.3,13,10,76.9,36,14,38.9,13,64,7,13,2,3,200,Canada,34,CAN,13,7,27,12,39,13,48,15,31.3,19,7,36.8,67,22,32.8,8,6,75,44,13,29.6,13,57,5,11
132981,USA,154,USA,14,9,34,15,49,29,42,20,47.6,11,5,45.5,53,25,47.2,39,27,69.2,32,16,50,19,82,7,22,1,3,200,Spain,138,ESP,15,2,18,29,47,19,64,24,37.5,22,5,22.7,86,29,33.7,22,10,45.5,58,23,39.7,29,73,11,14
132981,Spain,138,ESP,15,2,18,29,47,19,64,24,37.5,22,5,22.7,86,29,33.7,22,10,45.5,58,23,39.7,29,73,11,14,2,2,200,USA,154,USA,14,9,34,15,49,29,42,20,47.6,11,5,45.5,53,25,47.2,39,27,69.2,32,16,50,19,82,7,22
